index,AnalDate,Cruise,Site,Rep,SampID,EEM file,ABS file,Blank File,Raman File,Emcorr File,Excorr File,QS_Slope,Qw,dilutionfactor,comments
1,14-Sep-06,SF-p-win,3B,2,423,423SF.csv,423SF.csv,di25se06.csv,UV14SE06.csv,mcorrs_4nm.csv,xc06se06n.csv,52405,qs06se.csv,1,
2,14-Sep-06,SF-p-win,3B,3,424,424SF.csv,424SF.csv,di25se06.csv,UV14SE06.csv,mcorrs_4nm.csv,xc06se06n.csv,52405,qs06se.csv,1,
3,14-Sep-06,SF-p-win,3C,1,425,425SF.csv,425SF.csv,di25se06.csv,UV14SE06.csv,mcorrs_4nm.csv,xc06se06n.csv,52405,qs06se.csv,1,
4,14-Sep-06,SF-p-win,3C,2,426,426SF.csv,426SF.csv,di25se06.csv,UV14SE06.csv,mcorrs_4nm.csv,xc06se06n.csv,52405,qs06se.csv,1,
5,14-Sep-06,SF-p-win,3C,3,427,427SF.csv,427SF.csv,di25se06.csv,UV14SE06.csv,mcorrs_4nm.csv,xc06se06n.csv,52405,qs06se.csv,1,
6,13-Sep-06,SF-p-win,4A,1,428,428SF.csv,427SF.csv,di25se06.csv,UV13SE06.csv,mcorrs_4nm.csv,xc06se06n.csv,52405,qs06se.csv,1,
7,13-Sep-06,SF-p-win,4A,2,429,429SF.csv,429SF.csv,di25se06.csv,UV13SE06.csv,mcorrs_4nm.csv,xc06se06n.csv,52405,qs06se.csv,1,
8,13-Sep-06,SF-p-win,4A,3,430,430SF.csv,430SF.csv,di25se06.csv,UV13SE06.csv,mcorrs_4nm.csv,xc06se06n.csv,52405,qs06se.csv,1,
9,14-Sep-06,SF-p-win,4B,1,431,431SF.csv,431SF.csv,di25se06.csv,UV14SE06.csv,mcorrs_4nm.csv,xc06se06n.csv,52405,qs06se.csv,1,
10,13-Sep-06,SF-p-win,4B,2,432,432SF.csv,432SF.csv,di25se06.csv,UV13SE06.csv,mcorrs_4nm.csv,xc06se06n.csv,52405,qs06se.csv,1,
11,14-Sep-06,SF-p-win,4B,3,433,433SF.csv,433SF.csv,di25se06.csv,UV14SE06.csv,mcorrs_4nm.csv,xc06se06n.csv,52405,qs06se.csv,1,
12,13-Sep-06,SF-p-win,4C,1,434,434SF.csv,434SF.csv,di25se06.csv,UV13SE06.csv,mcorrs_4nm.csv,xc06se06n.csv,52405,qs06se.csv,1,
13,13-Sep-06,SF-p-win,4C,2,435,435SF.csv,435SF.csv,di25se06.csv,UV13SE06.csv,mcorrs_4nm.csv,xc06se06n.csv,52405,qs06se.csv,1,
14,14-Sep-06,SF-p-win,4C,3,436,436SF.csv,436SF.csv,di25se06.csv,UV14SE06.csv,mcorrs_4nm.csv,xc06se06n.csv,52405,qs06se.csv,1,
15,4-May-06,SF-p-win,5A,1,437,SFB437pw.csv,437SF.csv,mq11my.csv,uv11my06.csv,mcorrs_4nm.csv,xc06se06n.csv,167066,qs17ap.csv,1,
16,5-May-06,SF-p-win,5A,2,438,sfb438pw.csv,438SF.csv,mq11my.csv,uv11my06.csv,mcorrs_4nm.csv,xc06se06n.csv,167066,qs17ap.csv,1,
17,5-May-06,SF-p-win,5A,3,439,SFB439pw.csv,439SF.csv,mq11my.csv,uv11my06.csv,mcorrs_4nm.csv,xc06se06n.csv,167066,qs17ap.csv,1,
18,4-May-06,SF-p-win,5B,1,440,SFB440pw.csv,439SF.csv,mq11my.csv,uv11my06.csv,mcorrs_4nm.csv,xc06se06n.csv,167066,qs17ap.csv,1,
19,5-May-06,SF-p-win,5B,2,441,SFB441pw.csv,441SF.csv,mq11my.csv,uv11my06.csv,mcorrs_4nm.csv,xc06se06n.csv,167066,qs17ap.csv,1,
20,5-May-06,SF-p-win,5B,3,442,sfb442pw.csv,442SF.csv,mq11my.csv,uv11my06.csv,mcorrs_4nm.csv,xc06se06n.csv,167066,qs17ap.csv,1,
21,4-May-06,SF-p-win,5C,1,443,sfb443pw.csv,443SF.csv,mq11my.csv,uv11my06.csv,mcorrs_4nm.csv,xc06se06n.csv,167066,qs17ap.csv,1,
22,4-May-06,SF-p-win,5C,2,444,sfb444pw.csv,444SF.csv,mq11my.csv,uv11my06.csv,mcorrs_4nm.csv,xc06se06n.csv,167066,qs17ap.csv,1,
23,3-May-06,SF-p-win,5C,3,445,SFB445pwd1t.csv,445SF.csv,mq11my.csv,uv11my06.csv,mcorrs_4nm.csv,xc06se06n.csv,167066,qs17ap.csv,1,
24,1-May-06,SF-p-win,6A,1,446,sfb446wpd1t.csv,446SF.csv,mq11my.csv,uv11my06.csv,mcorrs_4nm.csv,xc06se06n.csv,167066,qs17ap.csv,1,
25,1-May-06,SF-p-win,6A,2,447,sgb447wt.csv,447SF.csv,mq11my.csv,uv11my06.csv,mcorrs_4nm.csv,xc06se06n.csv,167066,qs17ap.csv,1,
26,2-May-06,SF-p-win,6A,3,448,SFB448pwd1t.csv,448SF.csv,mq11my.csv,uv11my06.csv,mcorrs_4nm.csv,xc06se06n.csv,167066,qs17ap.csv,1,
27,3-May-06,SF-p-win,6B,1,449,sfb449pwt.csv,449SF.csv,mq11my.csv,uv11my06.csv,mcorrs_4nm.csv,xc06se06n.csv,167066,qs17ap.csv,1,
28,2-May-06,SF-p-win,6B,2,450,sfb450pwt.csv,450SF.csv,mq11my.csv,uv11my06.csv,mcorrs_4nm.csv,xc06se06n.csv,167066,qs17ap.csv,1,
29,4-May-06,SF-p-win,6B,3,451,SFB451wpt.csv,451SF.csv,mq11my.csv,uv11my06.csv,mcorrs_4nm.csv,xc06se06n.csv,167066,qs17ap.csv,1,
30,3-May-06,SF-p-win,6C,1,452,SFB452pwt.csv,452SF.csv,mq11my.csv,uv11my06.csv,mcorrs_4nm.csv,xc06se06n.csv,167066,qs17ap.csv,1,
31,2-May-06,SF-p-win,6C,2,453,SFB453PWd1t.csv,453SF.csv,mq11my.csv,uv11my06.csv,mcorrs_4nm.csv,xc06se06n.csv,167066,qs17ap.csv,1,
32,2-May-06,SF-p-win,6C,3,454,sfb454pwd1t.csv,454SF.csv,mq11my.csv,uv11my06.csv,mcorrs_4nm.csv,xc06se06n.csv,167066,qs17ap.csv,1,
33,8-Sep-06,SF-p-win,7A,1,455,455SF.csv,455SF.csv,di25se06.csv,uv08se06.csv,mcorrs_4nm.csv,xc06se06n.csv,52405,qs06se.csv,1,
34,11-Sep-06,SF-p-win,7A,2,456,456SF.csv,456SF.csv,di25se06.csv,UV11se06.CSV,mcorrs_4nm.csv,xc06se06n.csv,52405,qs06se.csv,1,
35,11-Sep-06,SF-p-win,7A,3,457,457SF.csv,457SF.csv,di25se06.csv,UV11se06.CSV,mcorrs_4nm.csv,xc06se06n.csv,52405,qs06se.csv,1,
36,11-Sep-06,SF-p-win,7B,1,458,458SF.csv,458SF.csv,di25se06.csv,UV11se06.CSV,mcorrs_4nm.csv,xc06se06n.csv,52405,qs06se.csv,1,
37,11-Sep-06,SF-p-win,7B,2,459,459SF.csv,459SF.csv,di25se06.csv,UV11se06.CSV,mcorrs_4nm.csv,xc06se06n.csv,52405,qs06se.csv,1,
38,11-Sep-06,SF-p-win,7B,3,460,460SF.csv,460SF.csv,di25se06.csv,UV11se06.CSV,mcorrs_4nm.csv,xc06se06n.csv,52405,qs06se.csv,1,
39,8-Sep-06,SF-p-win,7C,1,461,461SF.csv,461SF.csv,di25se06.csv,uv08se06.csv,mcorrs_4nm.csv,xc06se06n.csv,52405,qs06se.csv,1,
40,8-Sep-06,SF-p-win,7C,2,462,462SF.csv,462SF.csv,di25se06.csv,uv08se06.csv,mcorrs_4nm.csv,xc06se06n.csv,52405,qs06se.csv,1,
41,11-Sep-06,SF-p-win,7C,3,463,463SF.csv,463SF.csv,di25se06.csv,UV11se06.CSV,mcorrs_4nm.csv,xc06se06n.csv,52405,qs06se.csv,1,
42,12-Sep-06,SF-p-win,8A,1,464,464SF.csv,464SF.csv,di25se06.csv,UV12se06.csv,mcorrs_4nm.csv,xc06se06n.csv,52405,qs06se.csv,1,
43,11-Sep-06,SF-p-win,8A,2,465,465SF.csv,465SF.csv,di25se06.csv,UV11se06.CSV,mcorrs_4nm.csv,xc06se06n.csv,52405,qs06se.csv,1,
44,12-Sep-06,SF-p-win,8A,3,466,466SF.csv,466SF.csv,di25se06.csv,UV12se06.csv,mcorrs_4nm.csv,xc06se06n.csv,52405,qs06se.csv,1,
45,11-Sep-06,SF-p-win,8B,1,467,467SF.csv,467SF.csv,di25se06.csv,UV11se06.CSV,mcorrs_4nm.csv,xc06se06n.csv,52405,qs06se.csv,1,
46,12-Sep-06,SF-p-win,8B,2,468,468SF.csv,468SF.csv,di25se06.csv,UV12se06.csv,mcorrs_4nm.csv,xc06se06n.csv,52405,qs06se.csv,1,
47,11-Sep-06,SF-p-win,8B,3,469,469SF.csv,469SF.csv,di25se06.csv,UV11se06.CSV,mcorrs_4nm.csv,xc06se06n.csv,52405,qs06se.csv,1,
48,11-Sep-06,SF-p-win,8C,1,470,470SF.csv,470SF.csv,di25se06.csv,UV11se06.CSV,mcorrs_4nm.csv,xc06se06n.csv,52405,qs06se.csv,1,
49,12-Sep-06,SF-p-win,8C,2,471,471SF.csv,471SF.csv,di25se06.csv,UV12se06.csv,mcorrs_4nm.csv,xc06se06n.csv,52405,qs06se.csv,1,
50,11-Sep-06,SF-p-win,8C,3,472,472SF.csv,472SF.csv,di25se06.csv,UV11se06.CSV,mcorrs_4nm.csv,xc06se06n.csv,52405,qs06se.csv,1,
51,6-Sep-06,SF-p-win,1A,1,473,473SF.csv,473SF.csv,di25se06.csv,uv06se06.csv,mcorrs_4nm.csv,xc06se06n.csv,52405,qs06se.csv,1,
52,6-Sep-06,SF-p-win,1A,2,474,474SF.csv,474SF.csv,di25se06.csv,uv06se06.csv,mcorrs_4nm.csv,xc06se06n.csv,52405,qs06se.csv,1,
53,6-Sep-06,SF-p-win,1A,3,475,475SF.csv,475SF.csv,di25se06.csv,uv06se06.csv,mcorrs_4nm.csv,xc06se06n.csv,52405,qs06se.csv,1,
54,6-Sep-06,SF-p-win,1B,1,476,476SF.csv,476SF.csv,di25se06.csv,uv06se06.csv,mcorrs_4nm.csv,xc06se06n.csv,52405,qs06se.csv,1,
55,28-Apr-06,SF-p-win,1B,2,477,SGB477w.csv,477SF.csv,di25se06.csv,uv11my06.csv,mcorrs_4nm.csv,xc06se06n.csv,167066,qs17ap.csv,1,
56,27-Apr-06,SF-p-win,1B,3,478,sfb478wt.csv,478SF.csv,di25se06.csv,uv11my06.csv,mcorrs_4nm.csv,xc06se06n.csv,167066,qs17ap.csv,1,
57,28-Apr-06,SF-p-win,1C,1,479,SFB479Wt.csv,479SF.csv,di25se06.csv,uv11my06.csv,mcorrs_4nm.csv,xc06se06n.csv,167066,qs17ap.csv,1,
58,6-Sep-06,SF-p-win,1C,2,480,480SF.csv,480SF.csv,di25se06.csv,uv06se06.csv,mcorrs_4nm.csv,xc06se06n.csv,52405,qs06se.csv,1,
59,6-Sep-06,SF-p-win,1C,3,481,481SF.csv,481SF.csv,di25se06.csv,uv06se06.csv,mcorrs_4nm.csv,xc06se06n.csv,52405,qs06se.csv,1,
60,12-Sep-06,SF-p-win,2A,1,482,482SF.csv,482SF.csv,di25se06.csv,UV12se06.csv,mcorrs_4nm.csv,xc06se06n.csv,52405,qs06se.csv,1,
61,12-Sep-06,SF-p-win,2A,2,483,483SF.csv,483SF.csv,di25se06.csv,UV12se06.csv,mcorrs_4nm.csv,xc06se06n.csv,52405,qs06se.csv,1,
62,12-Sep-06,SF-p-win,2A,3,484,484SF.csv,484SF.csv,di25se06.csv,UV12se06.csv,mcorrs_4nm.csv,xc06se06n.csv,52405,qs06se.csv,1,
63,13-Sep-06,SF-p-win,2B,1,485,485SF.csv,485SF.csv,di25se06.csv,UV13se06.csv,mcorrs_4nm.csv,xc06se06n.csv,52405,qs06se.csv,1,
64,12-Sep-06,SF-p-win,2B,2,486,486SF.csv,486SF.csv,di25se06.csv,UV12se06.csv,mcorrs_4nm.csv,xc06se06n.csv,52405,qs06se.csv,1,
65,12-Sep-06,SF-p-win,2B,3,487,487SF.csv,487SF.csv,di25se06.csv,UV12se06.csv,mcorrs_4nm.csv,xc06se06n.csv,52405,qs06se.csv,1,
66,13-Sep-06,SF-p-win,2C,1,488,488SF.csv,488SF.csv,di25se06.csv,UV13se06.csv,mcorrs_4nm.csv,xc06se06n.csv,52405,qs06se.csv,1,
67,12-Sep-06,SF-p-win,2C,2,489,489SF.csv,489SF.csv,di25se06.csv,UV12se06.csv,mcorrs_4nm.csv,xc06se06n.csv,52405,qs06se.csv,1,
68,13-Sep-06,SF-p-win,2C,3,490,490SF.csv,490SF.csv,di25se06.csv,UV13se06.csv,mcorrs_4nm.csv,xc06se06n.csv,52405,qs06se.csv,1,
69,15-Sep-06,SF-p-win,3A,1,491,491SF.csv,491SF.csv,di25se06.csv,UV15se06.csv,mcorrs_4nm.csv,xc06se06n.csv,52405,qs06se.csv,1,
70,14-Sep-06,SF-p-win,3A,2,492,492SF.csv,492SF.csv,di25se06.csv,UV14se06.csv,mcorrs_4nm.csv,xc06se06n.csv,52405,qs06se.csv,1,
71,14-Sep-06,SF-p-win,3A,3,493,493SF.csv,493SF.csv,di25se06.csv,UV14se06.csv,mcorrs_4nm.csv,xc06se06n.csv,52405,qs06se.csv,1,
72,14-Sep-06,SF-p-win,3B,1,494,494SF.csv,494SF.csv,di25se06.csv,UV14se06.csv,mcorrs_4nm.csv,xc06se06n.csv,52405,qs06se.csv,1,
73,3-May-06,SF-p-win,bl,1,555,sfb555pwd1t.csv,555SF.csv,mq11my.csv,uv11my06.csv,mcorrs_4nm.csv,xc06se06n.csv,167066,qs17ap.csv,1,
74,1-May-06,SF-p-win,bl,2,558,SFB558wpt.csv,558SF.csv,mq11my.csv,uv11my06.csv,mcorrs_4nm.csv,xc06se06n.csv,167066,qs17ap.csv,1,
75,1-May-06,SF-p-win,bl,3,559,sfb559wd1t.csv,559SF.csv,mq11my.csv,uv11my06.csv,mcorrs_4nm.csv,xc06se06n.csv,167066,qs17ap.csv,1,
76,18-May-06,SF-p-win,0A,1,1025,1025sf.csv,493SF.csv,mq11my.csv,uv18May06.csv,mcorrs_4nm.csv,xc06se06n.csv,167066,qs17ap.csv,1,
77,17-May-06,SF-p-win,0A,2,1026,1026sf.csv,493SF.csv,mq11my.csv,uv17May06.csv,mcorrs_4nm.csv,xc06se06n.csv,167066,qs17ap.csv,1,bottle was cracked
78,17-May-06,SF-p-win,0A,3,1027,1027sf.csv,493SF.csv,mq11my.csv,uv17May06.csv,mcorrs_4nm.csv,xc06se06n.csv,167066,qs17ap.csv,1,
79,27-Sep-06,SF-p-spr,3A,1,651,651SF.csv,494SF.csv,di25se06.csv,UV27SE06.csv,mcorrs_4nm.csv,xc19se06n.csv,52405,qs06se.csv,1,
80,28-Sep-06,SF-p-spr,3A,2,652,652SF.csv,494SF.csv,di25se06.csv,UV28SE06.csv,mcorrs_4nm.csv,xc19se06n.csv,52405,qs06se.csv,1,
81,27-Sep-06,SF-p-spr,3A,3,653,653SF.csv,494SF.csv,di25se06.csv,UV27SE06.csv,mcorrs_4nm.csv,xc19se06n.csv,52405,qs06se.csv,1,
82,28-Sep-06,SF-p-spr,3B,1,654,654SF.csv,654SF.csv,di25se06.csv,UV28SE06.csv,mcorrs_4nm.csv,xc19se06n.csv,52405,qs06se.csv,1,
83,27-Sep-06,SF-p-spr,3B,2,655,655SF.csv,655SF.csv,di25se06.csv,UV27SE06.csv,mcorrs_4nm.csv,xc19se06n.csv,52405,qs06se.csv,1,
84,26-Sep-06,SF-p-spr,3B,3,656,656SF.csv,656SF.csv,di25se06.csv,UV26SE06.csv,mcorrs_4nm.csv,xc19se06n.csv,52405,qs06se.csv,1,
85,28-Sep-06,SF-p-spr,3C,1,657,657SF.csv,657SF.csv,di25se06.csv,UV28SE06.csv,mcorrs_4nm.csv,xc19se06n.csv,52405,qs06se.csv,1,
86,28-Sep-06,SF-p-spr,3C,2,658,658SF.csv,658SF.csv,di25se06.csv,UV28SE06.csv,mcorrs_4nm.csv,xc19se06n.csv,52405,qs06se.csv,1,
87,27-Sep-06,SF-p-spr,3C,3,659,659SF.csv,659SF.csv,di25se06.csv,UV27SE06.csv,mcorrs_4nm.csv,xc19se06n.csv,52405,qs06se.csv,1,
88,26-Sep-06,SF-p-spr,4A,1,660,660SF.csv,666SF.csv,di25se06.csv,UV26SE06.csv,mcorrs_4nm.csv,xc19se06n.csv,52405,qs06se.csv,1,
89,26-Sep-06,SF-p-spr,4A,2,661,661SF.csv,666SF.csv,di25se06.csv,UV26SE06.csv,mcorrs_4nm.csv,xc19se06n.csv,52405,qs06se.csv,1,
90,27-Sep-06,SF-p-spr,4A,3,662,662SF.csv,666SF.csv,di25se06.csv,UV27SE06.csv,mcorrs_4nm.csv,xc19se06n.csv,52405,qs06se.csv,1,
91,27-Sep-06,SF-p-spr,4B,1,663,663SF.csv,666SF.csv,di25se06.csv,UV27SE06.csv,mcorrs_4nm.csv,xc19se06n.csv,52405,qs06se.csv,1,
92,28-Sep-06,SF-p-spr,4B,2,664,664SF.csv,666SF.csv,di25se06.csv,UV28SE06.csv,mcorrs_4nm.csv,xc19se06n.csv,52405,qs06se.csv,1,
93,27-Sep-06,SF-p-spr,4B,3,665,665SF.csv,666SF.csv,di25se06.csv,UV27SE06.csv,mcorrs_4nm.csv,xc19se06n.csv,52405,qs06se.csv,1,
94,28-Sep-06,SF-p-spr,4C,1,666,666SF.csv,666SF.csv,di25se06.csv,UV28SE06.csv,mcorrs_4nm.csv,xc19se06n.csv,52405,qs06se.csv,1,
95,26-Sep-06,SF-p-spr,4C,2,667,667SF.csv,666SF.csv,di25se06.csv,UV26SE06.csv,mcorrs_4nm.csv,xc19se06n.csv,52405,qs06se.csv,1,
96,27-Sep-06,SF-p-spr,4C,3,668,668SF.csv,666SF.csv,di25se06.csv,UV27SE06.csv,mcorrs_4nm.csv,xc19se06n.csv,52405,qs06se.csv,1,
97,26-Sep-06,SF-p-spr,5A,1,669,669SF.csv,669SF.csv,di25se06.csv,UV26SE06.csv,mcorrs_4nm.csv,xc19se06n.csv,52405,qs06se.csv,1,
98,27-Sep-06,SF-p-spr,5A,2,670,670SF.csv,670SF.csv,di25se06.csv,UV27SE06.csv,mcorrs_4nm.csv,xc19se06n.csv,52405,qs06se.csv,1,
99,28-Sep-06,SF-p-spr,5A,3,671,671SF.csv,671SF.csv,di25se06.csv,UV28SE06.csv,mcorrs_4nm.csv,xc19se06n.csv,52405,qs06se.csv,1,
100,27-Sep-06,SF-p-spr,5B,1,672,672SF.csv,672SF.csv,di25se06.csv,UV27SE06.csv,mcorrs_4nm.csv,xc19se06n.csv,52405,qs06se.csv,1,
101,28-Sep-06,SF-p-spr,5B,2,673,673SF.csv,673SF.csv,di25se06.csv,UV28SE06.csv,mcorrs_4nm.csv,xc19se06n.csv,52405,qs06se.csv,1,
102,27-Sep-06,SF-p-spr,5B,3,674,674SF.csv,674SF.csv,di25se06.csv,UV27SE06.csv,mcorrs_4nm.csv,xc19se06n.csv,52405,qs06se.csv,1,
103,10-May-06,SF-p-spr,5C,1,675,sfb675psp.csv,672SF.csv,di25se06.csv,uv11My1.csv,mcorrs_4nm.csv,xc02au06n.csv,167066,qs17ap.csv,1,
104,10-May-06,SF-p-spr,5C,2,676,sfb676psp.csv,673SF.csv,di25se06.csv,uv11My1.csv,mcorrs_4nm.csv,xc02au06n.csv,167066,qs17ap.csv,1,
105,10-May-06,SF-p-spr,5C,3,677,sfb677psp.csv,674SF.csv,di25se06.csv,uv11My1.csv,mcorrs_4nm.csv,xc02au06n.csv,167066,qs17ap.csv,1,
106,10-May-06,SF-p-spr,6A,1,678,sfb678psp.csv,679SF.csv,di25se06.csv,uv11My1.csv,mcorrs_4nm.csv,xc02au06n.csv,167066,qs17ap.csv,1,
107,15-May-06,SF-p-spr,6A,2,679,0679sfK.csv,679SF.csv,di25se06.csv,uv13Jl.csv,mcorrs_4nm.csv,xc02au06t.csv,167066,qs17ap.csv,1,
108,12-May-06,SF-p-spr,6A,3,680,0680sfK.csv,680SF.csv,di25se06.csv,uv13Jl.csv,mcorrs_4nm.csv,xc02au06t.csv,167066,qs17ap.csv,1,
109,11-May-06,SF-p-spr,6B,1,681,sfb681psp.csv,681SF.csv,di25se06.csv,uv11My1.csv,mcorrs_4nm.csv,xc02au06n.csv,167066,qs17ap.csv,1,
110,11-May-06,SF-p-spr,6B,2,682,sfb682psp.csv,682SF.csv,di25se06.csv,uv11My1.csv,mcorrs_4nm.csv,xc02au06n.csv,167066,qs17ap.csv,1,
111,15-May-06,SF-p-spr,6B,3,683,0683sfK.csv,683SF.csv,di25se06.csv,uv13Jl.csv,mcorrs_4nm.csv,xc02au06t.csv,167066,qs17ap.csv,1,
112,12-May-06,SF-p-spr,6C,1,684,0684sfK.csv,685SF.csv,di25se06.csv,uv13Jl.csv,mcorrs_4nm.csv,xc02au06t.csv,167066,qs17ap.csv,1,
113,12-May-06,SF-p-spr,6C,2,685,0685sfK.csv,685SF.csv,di25se06.csv,uv13Jl.csv,mcorrs_4nm.csv,xc02au06t.csv,167066,qs17ap.csv,1,
114,12-May-06,SF-p-spr,6C,3,686,0686sfK.csv,685SF.csv,di25se06.csv,uv13Jl.csv,mcorrs_4nm.csv,xc02au06t.csv,167066,qs17ap.csv,1,
115,18-May-06,SF-p-spr,bl,1,739,0739sfK.csv,DummyAbs.csv,di25se06.csv,uv13Jl.csv,mcorrs_4nm.csv,xc02au06t.csv,167066,qs17ap.csv,1,
116,18-May-06,SF-p-spr,bl,2,740,0740sfK.csv,DummyAbs.csv,di25se06.csv,uv13Jl.csv,mcorrs_4nm.csv,xc02au06t.csv,167066,qs17ap.csv,1,
117,15-May-06,SF-p-spr,bl,3,741,0741sfK.csv,DummyAbs.csv,di25se06.csv,uv13Jl.csv,mcorrs_4nm.csv,xc02au06t.csv,167066,qs17ap.csv,1,
118,15-May-06,SF-p-spr,bl,4,742,0742sfK.csv,DummyAbs.csv,di25se06.csv,uv13Jl.csv,mcorrs_4nm.csv,xc02au06t.csv,167066,qs17ap.csv,1,
119,17-May-06,SF-p-spr,bl,5,744,0744sfK.csv,DummyAbs.csv,di25se06.csv,uv13Jl.csv,mcorrs_4nm.csv,xc02au06t.csv,167066,qs17ap.csv,1,
120,17-May-06,SF-p-spr,0A,1,1034,1034sf.csv,DummyAbs.csv,di25se06.csv,uv13Jl.csv,mcorrs_4nm.csv,xc02au06t.csv,167066,qs17ap.csv,1,
121,18-May-06,SF-p-spr,0A,3,1036,1036sf.csv,DummyAbs.csv,di25se06.csv,uv13Jl.csv,mcorrs_4nm.csv,xc02au06t.csv,167066,qs17ap.csv,1,
122,20-Nov-06,SF-p-sum,1A,1,1200,1200SF.csv,1200SF.csv,mq15no06.csv,UV20NO06.csv,mcorrs_4nm.csv,xc15no06n.csv,52405,qs06se.csv,1,
123,15-Nov-06,SF-p-sum,1A,2,1201,1201SF.csv,1201SF.csv,mq15no06.csv,UV15NO06.csv,mcorrs_4nm.csv,xc15no06n.csv,52405,qs06se.csv,1,
124,14-Mar-07,SF-p-sum,1A,3,1202,1202SFK.csv,1202SF.csv,mq08ma07K.csv,UV14MA07_00.csv,mcorrs_4nm_b.csv,xc08ma07n.csv,56937,qs07fe.csv,1,
125,16-Nov-06,SF-p-sum,1B,1,1203,1203SF.csv,1203SF.csv,mq15no06.csv,UV16NO06.csv,mcorrs_4nm.csv,xc15no06n.csv,52405,qs06se.csv,1,
126,17-Nov-06,SF-p-sum,1B,2,1204,1204SF.csv,1204SF.csv,mq15no06.csv,UV17NO06.csv,mcorrs_4nm.csv,xc15no06n.csv,52405,qs06se.csv,1,
127,14-Mar-07,SF-p-sum,1B,3,1205,1205SFK.csv,1205SF.csv,mq08ma07K.csv,UV14MA07_00.csv,mcorrs_4nm_b.csv,xc08ma07n.csv,56937,qs07fe.csv,1,
128,20-Nov-06,SF-p-sum,1C,1,1206,1206SF.csv,1206SF.csv,mq15no06.csv,UV20NO06.csv,mcorrs_4nm.csv,xc15no06n.csv,52405,qs06se.csv,1,
129,22-Nov-06,SF-p-sum,1C,2,1207,1207SF.csv,1207SF.csv,mq15no06.csv,UV22NO06.csv,mcorrs_4nm.csv,xc15no06n.csv,52405,qs06se.csv,1,
130,14-Mar-07,SF-p-sum,1C,3,1208,1208SFK.csv,1208SF.csv,mq08ma07K.csv,UV14MA07_00.csv,mcorrs_4nm_b.csv,xc08ma07n.csv,56937,qs07fe.csv,1,
131,21-Nov-06,SF-p-sum,2A,1,1209,1209SF.csv,1209SF.csv,mq15no06.csv,UV21NO06.csv,mcorrs_4nm.csv,xc15no06n.csv,52405,qs06se.csv,1,
132,20-Nov-06,SF-p-sum,2A,2,1210,1210SF.csv,1210SF.csv,mq15no06.csv,UV20NO06.csv,mcorrs_4nm.csv,xc15no06n.csv,52405,qs06se.csv,1,
133,14-Mar-07,SF-p-sum,2A,3,1211,1211SFK.csv,1211SF.csv,mq08ma07K.csv,UV14MA07_00.csv,mcorrs_4nm_b.csv,xc08ma07n.csv,56937,qs07fe.csv,1,
134,17-Nov-06,SF-p-sum,2B,1,1212,1212SF.csv,1212SF.csv,mq15no06.csv,UV17NO06.csv,mcorrs_4nm.csv,xc15no06n.csv,52405,qs06se.csv,1,
135,20-Nov-06,SF-p-sum,2B,2,1213,1213SF.csv,1213SF.csv,mq15no06.csv,UV20NO06.csv,mcorrs_4nm.csv,xc15no06n.csv,52405,qs06se.csv,1,
136,14-Mar-07,SF-p-sum,2B,3,1214,1214SFK.csv,1214SF.csv,mq08ma07K.csv,UV14MA07_00.csv,mcorrs_4nm_b.csv,xc08ma07n.csv,56937,qs07fe.csv,1,
137,20-Nov-06,SF-p-sum,2C,1,1215,1215SF.csv,1215SF.csv,mq15no06.csv,UV20NO06.csv,mcorrs_4nm.csv,xc15no06n.csv,52405,qs06se.csv,1,
138,21-Nov-06,SF-p-sum,2C,2,1216,1216SF.csv,1216SF.csv,mq15no06.csv,UV21NO06.csv,mcorrs_4nm.csv,xc15no06n.csv,52405,qs06se.csv,1,
139,14-Mar-07,SF-p-sum,2C,3,1217,1217SFK.csv,1217SF.csv,mq08ma07K.csv,UV14MA07_00.csv,mcorrs_4nm_b.csv,xc08ma07n.csv,56937,qs07fe.csv,1,
140,22-Nov-06,SF-p-sum,3A,1,1218,1218SF.csv,1218SF.csv,mq15no06.csv,UV22NO06.csv,mcorrs_4nm.csv,xc15no06n.csv,52405,qs06se.csv,1,
141,15-Nov-06,SF-p-sum,3A,2,1219,1219SF.csv,1219SF.csv,mq15no06.csv,UV15NO06.csv,mcorrs_4nm.csv,xc15no06n.csv,52405,qs06se.csv,1,
142,15-Mar-07,SF-p-sum,3A,3,1220,1220SFK.csv,1220SF.csv,mq08ma07K.csv,UV15MA07_00.csv,mcorrs_4nm_b.csv,xc08ma07n.csv,56937,qs07fe.csv,1,
143,21-Nov-06,SF-p-sum,3B,1,1221,1221SF.csv,1221SF.csv,mq15no06.csv,UV21NO06.csv,mcorrs_4nm.csv,xc15no06n.csv,52405,qs06se.csv,1,
144,21-Nov-06,SF-p-sum,3B,2,1222,1222SF.csv,1222SF.csv,mq15no06.csv,UV21NO06.csv,mcorrs_4nm.csv,xc15no06n.csv,52405,qs06se.csv,1,
145,14-Mar-07,SF-p-sum,3B,3,1223,1223SFK.csv,1223SF.csv,mq08ma07K.csv,UV14MA07_00.csv,mcorrs_4nm_b.csv,xc08ma07n.csv,56937,qs07fe.csv,1,
146,22-Nov-06,SF-p-sum,3C,1,1224,1224SF.csv,1224SF.csv,mq15no06.csv,UV22NO06.csv,mcorrs_4nm.csv,xc15no06n.csv,52405,qs06se.csv,1,
147,16-Nov-06,SF-p-sum,3C,3,1226,1226SF.csv,1226SF.csv,mq15no06.csv,UV16NO06.csv,mcorrs_4nm.csv,xc15no06n.csv,52405,qs06se.csv,1,
148,17-Nov-06,SF-p-sum,4A,1,1227,1227SF.csv,1227SF.csv,mq15no06.csv,UV17NO06.csv,mcorrs_4nm.csv,xc15no06n.csv,52405,qs06se.csv,1,
149,16-Nov-06,SF-p-sum,4A,2,1228,1228SF.csv,1228SF.csv,mq15no06.csv,UV16NO06.csv,mcorrs_4nm.csv,xc15no06n.csv,52405,qs06se.csv,1,
150,14-Mar-07,SF-p-sum,4A,3,1229,1229SFK.csv,1229SF.csv,mq08ma07K.csv,UV14MA07_00.csv,mcorrs_4nm_b.csv,xc08ma07n.csv,56937,qs07fe.csv,1,
151,17-Nov-06,SF-p-sum,4B,1,1230,1230SF.csv,1230SF.csv,mq15no06.csv,UV17NO06.csv,mcorrs_4nm.csv,xc15no06n.csv,52405,qs06se.csv,1,
152,15-Nov-06,SF-p-sum,4B,2,1231,1231SF.csv,1231SF.csv,mq15no06.csv,UV15NO06.csv,mcorrs_4nm.csv,xc15no06n.csv,52405,qs06se.csv,1,
153,14-Mar-07,SF-p-sum,4B,3,1232,1232SFK.csv,1232SF.csv,mq08ma07K.csv,UV14MA07_00.csv,mcorrs_4nm_b.csv,xc08ma07n.csv,56937,qs07fe.csv,1,
154,15-Nov-06,SF-p-sum,4C,1,1233,1233SF.csv,1233SF.csv,mq15no06.csv,UV15NO06.csv,mcorrs_4nm.csv,xc15no06n.csv,52405,qs06se.csv,1,
155,16-Nov-06,SF-p-sum,4C,2,1234,1234SF.csv,1234SF.csv,mq15no06.csv,UV16NO06.csv,mcorrs_4nm.csv,xc15no06n.csv,52405,qs06se.csv,1,
156,14-Mar-07,SF-p-sum,4C,3,1235,1235SFK.csv,1235SF.csv,mq08ma07K.csv,UV14MA07_00.csv,mcorrs_4nm_b.csv,xc08ma07n.csv,56937,qs07fe.csv,1,
157,15-Nov-06,SF-p-sum,5A,1,1236,1236SF.csv,1236SF.csv,mq15no06.csv,UV15NO06.csv,mcorrs_4nm.csv,xc15no06n.csv,52405,qs06se.csv,1,
158,15-Nov-06,SF-p-sum,5A,2,1237,1237SF.csv,1237SF.csv,mq15no06.csv,UV15NO06.csv,mcorrs_4nm.csv,xc15no06n.csv,52405,qs06se.csv,1,
159,14-Mar-07,SF-p-sum,5A,3,1238,1238SFK.csv,1238SF.csv,mq08ma07K.csv,UV14MA07_00.csv,mcorrs_4nm_b.csv,xc08ma07n.csv,56937,qs07fe.csv,1,
160,16-Nov-06,SF-p-sum,5B,1,1239,1239SF.csv,1239SF.csv,mq15no06.csv,UV16NO06.csv,mcorrs_4nm.csv,xc15no06n.csv,52405,qs06se.csv,1,
161,16-Nov-06,SF-p-sum,5B,2,1240,1240SF.csv,1240SF.csv,mq15no06.csv,UV16NO06.csv,mcorrs_4nm.csv,xc15no06n.csv,52405,qs06se.csv,1,
162,15-Mar-07,SF-p-sum,5B,3,1241,1241SFK.csv,1241SF.csv,mq08ma07K.csv,UV15MA07_00.csv,mcorrs_4nm_b.csv,xc08ma07n.csv,56937,qs07fe.csv,1,
163,17-Nov-06,SF-p-sum,5C,1,1242,1242SF.csv,1242SF.csv,mq15no06.csv,UV17NO06.csv,mcorrs_4nm.csv,xc15no06n.csv,52405,qs06se.csv,1,
164,20-Nov-06,SF-p-sum,5C,2,1243,1243SF.csv,1243SF.csv,mq15no06.csv,UV20NO06.csv,mcorrs_4nm.csv,xc15no06n.csv,52405,qs06se.csv,1,
165,14-Mar-07,SF-p-sum,5C,3,1244,1244SFK.csv,1244SF.csv,mq08ma07K.csv,UV14MA07_00.csv,mcorrs_4nm_b.csv,xc08ma07n.csv,56937,qs07fe.csv,1,
166,21-Nov-06,SF-p-sum,6A,1,1245,1245SF.csv,1245SF.csv,mq15no06.csv,UV21NO06.csv,mcorrs_4nm.csv,xc15no06n.csv,52405,qs06se.csv,1,
167,17-Nov-06,SF-p-sum,6A,2,1246,1246SF.csv,1246SF.csv,mq15no06.csv,UV17NO06.csv,mcorrs_4nm.csv,xc15no06n.csv,52405,qs06se.csv,1,
168,14-Mar-07,SF-p-sum,6A,3,1247,1247SFK.csv,1247SF.csv,mq08ma07K.csv,UV14MA07_00.csv,mcorrs_4nm_b.csv,xc08ma07n.csv,56937,qs07fe.csv,1,
169,20-Nov-06,SF-p-sum,6B,1,1248,1248SF.csv,1248SF.csv,mq15no06.csv,UV20NO06.csv,mcorrs_4nm.csv,xc15no06n.csv,52405,qs06se.csv,1,
170,15-Nov-06,SF-p-sum,6B,2,1249,1249SF.csv,1249SF.csv,mq15no06.csv,UV15NO06.csv,mcorrs_4nm.csv,xc15no06n.csv,52405,qs06se.csv,1,
171,14-Mar-07,SF-p-sum,6B,3,1250,1250SFK.csv,1250SF.csv,mq08ma07K.csv,UV14MA07_00.csv,mcorrs_4nm_b.csv,xc08ma07n.csv,56937,qs07fe.csv,1,
172,15-Nov-06,SF-p-sum,6C,2,1252,1252SF.csv,1252SF.csv,mq15no06.csv,UV15NO06.csv,mcorrs_4nm.csv,xc15no06n.csv,52405,qs06se.csv,1,
173,20-Nov-06,SF-p-sum,6C,3,1253,1253SF.csv,1253SF.csv,mq15no06.csv,UV20NO06.csv,mcorrs_4nm.csv,xc15no06n.csv,52405,qs06se.csv,1,
174,21-Nov-06,SF-p-sum,7A,1,1254,1254SF.csv,1254SF.csv,mq15no06.csv,UV21NO06.csv,mcorrs_4nm.csv,xc15no06n.csv,52405,qs06se.csv,1,
175,17-Nov-06,SF-p-sum,7A,2,1255,1255SF.csv,1255SF.csv,mq15no06.csv,UV17NO06.csv,mcorrs_4nm.csv,xc15no06n.csv,52405,qs06se.csv,1,
176,15-Mar-07,SF-p-sum,7A,3,1256,1256SFK.csv,1256SF.csv,mq08ma07K.csv,UV15MA07_00.csv,mcorrs_4nm_b.csv,xc08ma07n.csv,56937,qs07fe.csv,1,
177,16-Nov-06,SF-p-sum,7B,1,1257,1257SF.csv,1257SF.csv,mq15no06.csv,UV16NO06.csv,mcorrs_4nm.csv,xc15no06n.csv,52405,qs06se.csv,1,
178,22-Nov-06,SF-p-sum,7B,2,1258,1258SF.csv,1258SF.csv,mq15no06.csv,UV22NO06.csv,mcorrs_4nm.csv,xc15no06n.csv,52405,qs06se.csv,1,
179,17-Nov-06,SF-p-sum,7C,1,1260,1260SF.csv,1260SF.csv,mq15no06.csv,UV17NO06.csv,mcorrs_4nm.csv,xc15no06n.csv,52405,qs06se.csv,1,
180,17-Nov-06,SF-p-sum,7C,2,1261,1261SF.csv,1261SF.csv,mq15no06.csv,UV17NO06.csv,mcorrs_4nm.csv,xc15no06n.csv,52405,qs06se.csv,1,
181,14-Mar-07,SF-p-sum,7C,3,1262,1262SFK.csv,1262SF.csv,mq08ma07K.csv,UV14MA07_00.csv,mcorrs_4nm_b.csv,xc08ma07n.csv,56937,qs07fe.csv,1,
182,21-Nov-06,SF-p-sum,8A,1,1263,1263SF.csv,1263SF.csv,mq15no06.csv,UV21NO06.csv,mcorrs_4nm.csv,xc15no06n.csv,52405,qs06se.csv,1,
183,20-Nov-06,SF-p-sum,8A,2,1264,1264SF.csv,1264SF.csv,mq15no06.csv,UV20NO06.csv,mcorrs_4nm.csv,xc15no06n.csv,52405,qs06se.csv,1,
184,14-Mar-07,SF-p-sum,8A,3,1265,1265SFK.csv,1265SF.csv,mq08ma07K.csv,UV14MA07_00.csv,mcorrs_4nm_b.csv,xc08ma07n.csv,56937,qs07fe.csv,1,
185,21-Nov-06,SF-p-sum,8B,1,1266,1266SF.csv,1266SF.csv,mq15no06.csv,UV21NO06.csv,mcorrs_4nm.csv,xc15no06n.csv,52405,qs06se.csv,1,
186,21-Nov-06,SF-p-sum,8B,2,1267,1267SF.csv,1267SF.csv,mq15no06.csv,UV21NO06.csv,mcorrs_4nm.csv,xc15no06n.csv,52405,qs06se.csv,1,
187,14-Mar-07,SF-p-sum,8B,3,1268,1268SFK.csv,1268SF.csv,mq08ma07K.csv,UV14MA07_00.csv,mcorrs_4nm_b.csv,xc08ma07n.csv,56937,qs07fe.csv,1,
188,20-Nov-06,SF-p-sum,8C,1,1269,1269SF.csv,1269SF.csv,mq15no06.csv,UV20NO06.csv,mcorrs_4nm.csv,xc15no06n.csv,52405,qs06se.csv,1,
189,20-Nov-06,SF-p-sum,8C,2,1270,1270SF.csv,1270SF.csv,mq15no06.csv,UV20NO06.csv,mcorrs_4nm.csv,xc15no06n.csv,52405,qs06se.csv,1,
190,13-Mar-07,SF-p-sum,8C,3,1271,1271SFK.csv,1271SF.csv,mq08ma07K.csv,UV13MA07_00.csv,mcorrs_4nm_b.csv,xc08ma07n.csv,56937,qs07fe.csv,1,
191,17-Nov-06,SF-p-sum,bl,1,1344,1344SF.csv,1344SF.csv,mq15no06.csv,UV17NO06.csv,mcorrs_4nm.csv,xc15no06n.csv,52405,qs06se.csv,1,
192,17-Nov-06,SF-p-sum,bl,2,1345,1345SF.csv,1345SF.csv,mq15no06.csv,UV17NO06.csv,mcorrs_4nm.csv,xc15no06n.csv,52405,qs06se.csv,1,
193,22-Nov-06,SF-p-sum,bl,3,1346,1346SF.csv,1345SF.csv,mq15no06.csv,UV22NO06.csv,mcorrs_4nm.csv,xc15no06n.csv,52405,qs06se.csv,1,
194,21-Nov-06,SF-p-sum,bl,4,1348,1348SF.csv,1348SF.csv,mq15no06.csv,UV21NO06.csv,mcorrs_4nm.csv,xc15no06n.csv,52405,qs06se.csv,1,
195,20-Nov-06,SF-p-sum,0A,1,1431,1431SF.csv,1431SF.csv,mq15no06.csv,UV20NO06.csv,mcorrs_4nm.csv,xc15no06n.csv,52405,qs06se.csv,1,
196,17-Nov-06,SF-p-sum,0A,3,1433,1433SF.csv,1433SF.csv,mq15no06.csv,UV17NO06.csv,mcorrs_4nm.csv,xc15no06n.csv,52405,qs06se.csv,1,
197,1-Feb-07,SF-p-fall,3A,1,1533,1533SFK.csv,1230-2sf.csv,mq24ja07K.csv,UV01FE07_00.csv,mcorrs_4nm_b.csv,xc24ja07n.csv,56937,qs07fe.csv,1,
198,1-Feb-07,SF-p-fall,3A,2,1534,1534SFK.csv,1230-2sf.csv,mq24ja07K.csv,UV01FE07_00.csv,mcorrs_4nm_b.csv,xc24ja07n.csv,56937,qs07fe.csv,1,
199,15-Mar-07,SF-p-fall,3A,3,1535,1535SK.csv,1230-2sf.csv,mq08ma07K.csv,UV15MA07_00.csv,mcorrs_4nm_b.csv,xc08ma07n.csv,56937,qs07fe.csv,1,
200,1-Feb-07,SF-p-fall,3B,1,1536,1536SFK.csv,1230-2sf.csv,mq24ja07K.csv,UV01FE07_00.csv,mcorrs_4nm_b.csv,xc24ja07n.csv,56937,qs07fe.csv,1,
201,1-Feb-07,SF-p-fall,3B,2,1537,1537SFK.csv,1230-2sf.csv,mq24ja07K.csv,UV01FE07_00.csv,mcorrs_4nm_b.csv,xc24ja07n.csv,56937,qs07fe.csv,1,
202,2-Feb-07,SF-p-fall,3C,1,1539,1539SFK.csv,1230-2sf.csv,mq24ja07K.csv,UV02FE07_00.csv,mcorrs_4nm_b.csv,xc24ja07n.csv,56937,qs07fe.csv,1,
203,2-Feb-07,SF-p-fall,3C,2,1540,1540SFK.csv,1230-2sf.csv,mq24ja07K.csv,UV02FE07_00.csv,mcorrs_4nm_b.csv,xc24ja07n.csv,56937,qs07fe.csv,1,
204,13-Mar-07,SF-p-fall,3C,3,1541,1541SFK.csv,1230-2sf.csv,mq08ma07K.csv,UV13MA07_00.csv,mcorrs_4nm_b.csv,xc08ma07n.csv,56937,qs07fe.csv,1,
205,1-Feb-07,SF-p-fall,4A,1,1542,1542SFK.csv,1236-8sf.csv,mq24ja07K.csv,UV01FE07_00.csv,mcorrs_4nm_b.csv,xc24ja07n.csv,56937,qs07fe.csv,1,
206,1-Feb-07,SF-p-fall,4A,2,1543,1543SFK.csv,1236-8sf.csv,mq24ja07K.csv,UV01FE07_00.csv,mcorrs_4nm_b.csv,xc24ja07n.csv,56937,qs07fe.csv,1,
207,13-Mar-07,SF-p-fall,4A,3,1544,1544SFK.csv,1236-8sf.csv,mq08ma07K.csv,UV13MA07_00.csv,mcorrs_4nm_b.csv,xc08ma07n.csv,56937,qs07fe.csv,1,
208,2-Feb-07,SF-p-fall,4B,1,1545,1545SFK.csv,1236-8sf.csv,mq24ja07K.csv,UV02FE07_00.csv,mcorrs_4nm_b.csv,xc24ja07n.csv,56937,qs07fe.csv,1,
209,23-Feb-07,SF-p-fall,4B,3,1547,1547SFK.csv,1236-8sf.csv,mq21fe07K.csv,UV23FE07_00.csv,mcorrs_4nm_b.csv,xc21fe07n.csv,56937,qs07fe.csv,1,
210,1-Feb-07,SF-p-fall,4C,1,1548,1548SFK.csv,1236-8sf.csv,mq24ja07K.csv,UV01FE07_00.csv,mcorrs_4nm_b.csv,xc24ja07n.csv,56937,qs07fe.csv,1,
211,1-Feb-07,SF-p-fall,4C,2,1549,1549SFK.csv,1236-8sf.csv,mq24ja07K.csv,UV01FE07_00.csv,mcorrs_4nm_b.csv,xc24ja07n.csv,56937,qs07fe.csv,1,
212,13-Mar-07,SF-p-fall,4C,3,1550,1550SFK.csv,1236-8sf.csv,mq08ma07K.csv,UV13MA07_00.csv,mcorrs_4nm_b.csv,xc08ma07n.csv,56937,qs07fe.csv,1,
213,1-Feb-07,SF-p-fall,5A,1,1551,1551SFK.csv,1242-4sf.csv,mq24ja07K.csv,UV01FE07_00.csv,mcorrs_4nm_b.csv,xc24ja07n.csv,56937,qs07fe.csv,1,
214,1-Feb-07,SF-p-fall,5A,2,1552,1552SFK.csv,1242-4sf.csv,mq24ja07K.csv,UV01FE07_00.csv,mcorrs_4nm_b.csv,xc24ja07n.csv,56937,qs07fe.csv,1,
215,13-Mar-07,SF-p-fall,5A,3,1553,1553SFK.csv,1242-4sf.csv,mq08ma07K.csv,UV13MA07_00.csv,mcorrs_4nm_b.csv,xc08ma07n.csv,56937,qs07fe.csv,1,
216,1-Feb-07,SF-p-fall,5B,1,1554,1554SFK.csv,1242-4sf.csv,mq24ja07K.csv,UV01FE07_00.csv,mcorrs_4nm_b.csv,xc24ja07n.csv,56937,qs07fe.csv,1,
217,2-Feb-07,SF-p-fall,5B,2,1555,1555SFK.csv,1242-4sf.csv,mq24ja07K.csv,UV02FE07_00.csv,mcorrs_4nm_b.csv,xc24ja07n.csv,56937,qs07fe.csv,1,
218,13-Mar-07,SF-p-fall,5B,3,1556,1556SFK.csv,1242-4sf.csv,mq08ma07K.csv,UV13MA07_00.csv,mcorrs_4nm_b.csv,xc08ma07n.csv,56937,qs07fe.csv,1,
219,2-Feb-07,SF-p-fall,5C,1,1557,1557SFK.csv,1242-4sf.csv,mq24ja07K.csv,UV02FE07_00.csv,mcorrs_4nm_b.csv,xc24ja07n.csv,56937,qs07fe.csv,1,
220,22-Feb-07,SF-p-fall,5C,3,1559,1559SFK.csv,1242-4sf.csv,mq21fe07K.csv,UV22FE07_00.csv,mcorrs_4nm_b.csv,xc21fe07n.csv,56937,qs07fe.csv,1,
221,2-Feb-07,SF-p-fall,6A,1,1560,1560SFK.csv,1242-4sf.csv,mq24ja07K.csv,UV02FE07_00.csv,mcorrs_4nm_b.csv,xc24ja07n.csv,56937,qs07fe.csv,1,
222,2-Feb-07,SF-p-fall,6A,2,1561,1561SFK.csv,1242-4sf.csv,mq24ja07K.csv,UV02FE07_00.csv,mcorrs_4nm_b.csv,xc24ja07n.csv,56937,qs07fe.csv,1,
223,13-Mar-07,SF-p-fall,6A,3,1562,1562SFK.csv,1242-4sf.csv,mq08ma07K.csv,UV13MA07_00.csv,mcorrs_4nm_b.csv,xc08ma07n.csv,56937,qs07fe.csv,1,
224,1-Feb-07,SF-p-fall,6B,1,1563,1563SFK.csv,1242-4sf.csv,mq24ja07K.csv,UV01FE07_00.csv,mcorrs_4nm_b.csv,xc24ja07n.csv,56937,qs07fe.csv,1,
225,2-Feb-07,SF-p-fall,6B,2,1564,1564SFK.csv,1242-4sf.csv,mq24ja07K.csv,UV02FE07_00.csv,mcorrs_4nm_b.csv,xc24ja07n.csv,56937,qs07fe.csv,1,
226,13-Mar-07,SF-p-fall,6B,3,1565,1565SFK.csv,1242-4sf.csv,mq08ma07K.csv,UV13MA07_00.csv,mcorrs_4nm_b.csv,xc08ma07n.csv,56937,qs07fe.csv,1,
227,2-Feb-07,SF-p-fall,6C,1,1566,1566SFK.csv,1242-4sf.csv,mq24ja07K.csv,UV02FE07_00.csv,mcorrs_4nm_b.csv,xc24ja07n.csv,56937,qs07fe.csv,1,
228,1-Feb-07,SF-p-fall,6C,2,1567,1567SFK.csv,1242-4sf.csv,mq24ja07K.csv,UV01FE07_00.csv,mcorrs_4nm_b.csv,xc24ja07n.csv,56937,qs07fe.csv,1,
229,13-Mar-07,SF-p-fall,6C,3,1568,1568SFK.csv,1242-4sf.csv,mq08ma07K.csv,UV13MA07_00.csv,mcorrs_4nm_b.csv,xc08ma07n.csv,56937,qs07fe.csv,1,
,,,,,,,,,,,,,,,
,,,,,,,,,,,,,,,
,,,,,,,,,,,,,,,
,,,,,,,,,,,,,,,
,,,,,,,,,,,,,,,
,,,,,,,,,,,,,,,
,,,,,,,,,,,,,,,
,,,,,,,,,,,,,,,
,,,,,,,,,,,,,,,
,,,,,,,,,,,,,,,
,,,,,,,,,,,,,,,
,,,,,,,,,,,,,,,
,,,,,,,,,,,,,,,
,,,,,,,,,,,,,,,
,,,,,,,,,,,,,,,
,,,,,,,,,,,,,,,
,,,,,,,,,,,,,,,
,,,,,,,,,,,,,,,
,,,,,,,,,,,,,,,
,,,,,,,,,,,,,,,
,,,,,,,,,,,,,,,
,,,,,,,,,,,,,,,
,,,,,,,,,,,,,,,
,,,,,,,,,,,,,,,
,,,,,,,,,,,,,,,
,,,,,,,,,,,,,,,
,,,,,,,,,,,,,,,
,,,,,,,,,,,,,,,
,,,,,,,,,,,,,,,
,,,,,,,,,,,,,,,
,,,,,,,,,,,,,,,
,,,,,,,,,,,,,,,
,,,,,,,,,,,,,,,
,,,,,,,,,,,,,,,
,,,,,,,,,,,,,,,
,,,,,,,,,,,,,,,
,,,,,,,,,,,,,,,
,,,,,,,,,,,,,,,
,,,,,,,,,,,,,,,
,,,,,,,,,,,,,,,
,,,,,,,,,,,,,,,
,,,,,,,,,,,,,,,
,,,,,,,,,,,,,,,
,,,,,,,,,,,,,,,
,,,,,,,,,,,,,,,
,,,,,,,,,,,,,,,
,,,,,,,,,,,,,,,
,,,,,,,,,,,,,,,
,,,,,,,,,,,,,,,
,,,,,,,,,,,,,,,
,,,,,,,,,,,,,,,
,,,,,,,,,,,,,,,
,,,,,,,,,,,,,,,
,,,,,,,,,,,,,,,
,,,,,,,,,,,,,,,
,,,,,,,,,,,,,,,
,,,,,,,,,,,,,,,
,,,,,,,,,,,,,,,
,,,,,,,,,,,,,,,
,,,,,,,,,,,,,,,
,,,,,,,,,,,,,,,
,,,,,,,,,,,,,,,
,,,,,,,,,,,,,,,
,,,,,,,,,,,,,,,
,,,,,,,,,,,,,,,
,,,,,,,,,,,,,,,
,,,,,,,,,,,,,,,
,,,,,,,,,,,,,,,
,,,,,,,,,,,,,,,
,,,,,,,,,,,,,,,
,,,,,,,,,,,,,,,
,,,,,,,,,,,,,,,
,,,,,,,,,,,,,,,
,,,,,,,,,,,,,,,
,,,,,,,,,,,,,,,
,,,,,,,,,,,,,,,
,,,,,,,,,,,,,,,
,,,,,,,,,,,,,,,
,,,,,,,,,,,,,,,
,,,,,,,,,,,,,,,
,,,,,,,,,,,,,,,
,,,,,,,,,,,,,,,
,,,,,,,,,,,,,,,
,,,,,,,,,,,,,,,
,,,,,,,,,,,,,,,
,,,,,,,,,,,,,,,
,,,,,,,,,,,,,,,
,,,,,,,,,,,,,,,
,,,,,,,,,,,,,,,
,,,,,,,,,,,,,,,
,,,,,,,,,,,,,,,
,,,,,,,,,,,,,,,
,,,,,,,,,,,,,,,
,,,,,,,,,,,,,,,
,,,,,,,,,,,,,,,
,,,,,,,,,,,,,,,
,,,,,,,,,,,,,,,
,,,,,,,,,,,,,,,
,,,,,,,,,,,,,,,
,,,,,,,,,,,,,,,
,,,,,,,,,,,,,,,
,,,,,,,,,,,,,,,
,,,,,,,,,,,,,,,
,,,,,,,,,,,,,,,
,,,,,,,,,,,,,,,
,,,,,,,,,,,,,,,
,,,,,,,,,,,,,,,
,,,,,,,,,,,,,,,
,,,,,,,,,,,,,,,
,,,,,,,,,,,,,,,
,,,,,,,,,,,,,,,
,,,,,,,,,,,,,,,
,,,,,,,,,,,,,,,
,,,,,,,,,,,,,,,
,,,,,,,,,,,,,,,
,,,,,,,,,,,,,,,
,,,,,,,,,,,,,,,
,,,,,,,,,,,,,,,
,,,,,,,,,,,,,,,
,,,,,,,,,,,,,,,
,,,,,,,,,,,,,,,
,,,,,,,,,,,,,,,
,,,,,,,,,,,,,,,
,,,,,,,,,,,,,,,
,,,,,,,,,,,,,,,
,,,,,,,,,,,,,,,
,,,,,,,,,,,,,,,
,,,,,,,,,,,,,,,
,,,,,,,,,,,,,,,
,,,,,,,,,,,,,,,
,,,,,,,,,,,,,,,
,,,,,,,,,,,,,,,
,,,,,,,,,,,,,,,
,,,,,,,,,,,,,,,
,,,,,,,,,,,,,,,
,,,,,,,,,,,,,,,
,,,,,,,,,,,,,,,
,,,,,,,,,,,,,,,
,,,,,,,,,,,,,,,
,,,,,,,,,,,,,,,
,,,,,,,,,,,,,,,
,,,,,,,,,,,,,,,
,,,,,,,,,,,,,,,
,,,,,,,,,,,,,,,
,,,,,,,,,,,,,,,
,,,,,,,,,,,,,,,
,,,,,,,,,,,,,,,
,,,,,,,,,,,,,,,
,,,,,,,,,,,,,,,
,,,,,,,,,,,,,,,
,,,,,,,,,,,,,,,
,,,,,,,,,,,,,,,
,,,,,,,,,,,,,,,
,,,,,,,,,,,,,,,
,,,,,,,,,,,,,,,
,,,,,,,,,,,,,,,
,,,,,,,,,,,,,,,
,,,,,,,,,,,,,,,
,,,,,,,,,,,,,,,
,,,,,,,,,,,,,,,
,,,,,,,,,,,,,,,
,,,,,,,,,,,,,,,
,,,,,,,,,,,,,,,
,,,,,,,,,,,,,,,
,,,,,,,,,,,,,,,
,,,,,,,,,,,,,,,
,,,,,,,,,,,,,,,
,,,,,,,,,,,,,,,
,,,,,,,,,,,,,,,
,,,,,,,,,,,,,,,
,,,,,,,,,,,,,,,
,,,,,,,,,,,,,,,
,,,,,,,,,,,,,,,
,,,,,,,,,,,,,,,
,,,,,,,,,,,,,,,
,,,,,,,,,,,,,,,
,,,,,,,,,,,,,,,
,,,,,,,,,,,,,,,
,,,,,,,,,,,,,,,
,,,,,,,,,,,,,,,
,,,,,,,,,,,,,,,
,,,,,,,,,,,,,,,
,,,,,,,,,,,,,,,
,,,,,,,,,,,,,,,
,,,,,,,,,,,,,,,
,,,,,,,,,,,,,,,
,,,,,,,,,,,,,,,
,,,,,,,,,,,,,,,
,,,,,,,,,,,,,,,
,,,,,,,,,,,,,,,
,,,,,,,,,,,,,,,
,,,,,,,,,,,,,,,
,,,,,,,,,,,,,,,
,,,,,,,,,,,,,,,
,,,,,,,,,,,,,,,
,,,,,,,,,,,,,,,
,,,,,,,,,,,,,,,
,,,,,,,,,,,,,,,
,,,,,,,,,,,,,,,
,,,,,,,,,,,,,,,
,,,,,,,,,,,,,,,
,,,,,,,,,,,,,,,
,,,,,,,,,,,,,,,
,,,,,,,,,,,,,,,
,,,,,,,,,,,,,,,
,,,,,,,,,,,,,,,
,,,,,,,,,,,,,,,
,,,,,,,,,,,,,,,
,,,,,,,,,,,,,,,
,,,,,,,,,,,,,,,
,,,,,,,,,,,,,,,
,,,,,,,,,,,,,,,
,,,,,,,,,,,,,,,
,,,,,,,,,,,,,,,
,,,,,,,,,,,,,,,
,,,,,,,,,,,,,,,
,,,,,,,,,,,,,,,
,,,,,,,,,,,,,,,
,,,,,,,,,,,,,,,
,,,,,,,,,,,,,,,
,,,,,,,,,,,,,,,
,,,,,,,,,,,,,,,
,,,,,,,,,,,,,,,
,,,,,,,,,,,,,,,
,,,,,,,,,,,,,,,
,,,,,,,,,,,,,,,
,,,,,,,,,,,,,,,
,,,,,,,,,,,,,,,
,,,,,,,,,,,,,,,
,,,,,,,,,,,,,,,
,,,,,,,,,,,,,,,
,,,,,,,,,,,,,,,
,,,,,,,,,,,,,,,
,,,,,,,,,,,,,,,
,,,,,,,,,,,,,,,
,,,,,,,,,,,,,,,
,,,,,,,,,,,,,,,
,,,,,,,,,,,,,,,
,,,,,,,,,,,,,,,
,,,,,,,,,,,,,,,
,,,,,,,,,,,,,,,
,,,,,,,,,,,,,,,
,,,,,,,,,,,,,,,
,,,,,,,,,,,,,,,
,,,,,,,,,,,,,,,
,,,,,,,,,,,,,,,
,,,,,,,,,,,,,,,
,,,,,,,,,,,,,,,
,,,,,,,,,,,,,,,
,,,,,,,,,,,,,,,
,,,,,,,,,,,,,,,
,,,,,,,,,,,,,,,
,,,,,,,,,,,,,,,
,,,,,,,,,,,,,,,
,,,,,,,,,,,,,,,
,,,,,,,,,,,,,,,
,,,,,,,,,,,,,,,
,,,,,,,,,,,,,,,
,,,,,,,,,,,,,,,
,,,,,,,,,,,,,,,
,,,,,,,,,,,,,,,
,,,,,,,,,,,,,,,
,,,,,,,,,,,,,,,
,,,,,,,,,,,,,,,
,,,,,,,,,,,,,,,
,,,,,,,,,,,,,,,
,,,,,,,,,,,,,,,
,,,,,,,,,,,,,,,
,,,,,,,,,,,,,,,
,,,,,,,,,,,,,,,
,,,,,,,,,,,,,,,
,,,,,,,,,,,,,,,
,,,,,,,,,,,,,,,
,,,,,,,,,,,,,,,
,,,,,,,,,,,,,,,
,,,,,,,,,,,,,,,
,,,,,,,,,,,,,,,
,,,,,,,,,,,,,,,
,,,,,,,,,,,,,,,
,,,,,,,,,,,,,,,
,,,,,,,,,,,,,,,
,,,,,,,,,,,,,,,
,,,,,,,,,,,,,,,
,,,,,,,,,,,,,,,
,,,,,,,,,,,,,,,
,,,,,,,,,,,,,,,
,,,,,,,,,,,,,,,
,,,,,,,,,,,,,,,
,,,,,,,,,,,,,,,
,,,,,,,,,,,,,,,
,,,,,,,,,,,,,,,
,,,,,,,,,,,,,,,
,,,,,,,,,,,,,,,
,,,,,,,,,,,,,,,
,,,,,,,,,,,,,,,
,,,,,,,,,,,,,,,
,,,,,,,,,,,,,,,
,,,,,,,,,,,,,,,
,,,,,,,,,,,,,,,
,,,,,,,,,,,,,,,
,,,,,,,,,,,,,,,
,,,,,,,,,,,,,,,
,,,,,,,,,,,,,,,
,,,,,,,,,,,,,,,
,,,,,,,,,,,,,,,
,,,,,,,,,,,,,,,
,,,,,,,,,,,,,,,
,,,,,,,,,,,,,,,
,,,,,,,,,,,,,,,
,,,,,,,,,,,,,,,
,,,,,,,,,,,,,,,
,,,,,,,,,,,,,,,
,,,,,,,,,,,,,,,
,,,,,,,,,,,,,,,
,,,,,,,,,,,,,,,
,,,,,,,,,,,,,,,
,,,,,,,,,,,,,,,
,,,,,,,,,,,,,,,
,,,,,,,,,,,,,,,
,,,,,,,,,,,,,,,
,,,,,,,,,,,,,,,
,,,,,,,,,,,,,,,
,,,,,,,,,,,,,,,
,,,,,,,,,,,,,,,
,,,,,,,,,,,,,,,
,,,,,,,,,,,,,,,
,,,,,,,,,,,,,,,
,,,,,,,,,,,,,,,
,,,,,,,,,,,,,,,
,,,,,,,,,,,,,,,
,,,,,,,,,,,,,,,
,,,,,,,,,,,,,,,
,,,,,,,,,,,,,,,
,,,,,,,,,,,,,,,
,,,,,,,,,,,,,,,
,,,,,,,,,,,,,,,
,,,,,,,,,,,,,,,
,,,,,,,,,,,,,,,
,,,,,,,,,,,,,,,
,,,,,,,,,,,,,,,
,,,,,,,,,,,,,,,
,,,,,,,,,,,,,,,
,,,,,,,,,,,,,,,
,,,,,,,,,,,,,,,
,,,,,,,,,,,,,,,
,,,,,,,,,,,,,,,
,,,,,,,,,,,,,,,
,,,,,,,,,,,,,,,
,,,,,,,,,,,,,,,
,,,,,,,,,,,,,,,
,,,,,,,,,,,,,,,
,,,,,,,,,,,,,,,
,,,,,,,,,,,,,,,
,,,,,,,,,,,,,,,
,,,,,,,,,,,,,,,
,,,,,,,,,,,,,,,
,,,,,,,,,,,,,,,
,,,,,,,,,,,,,,,
,,,,,,,,,,,,,,,
,,,,,,,,,,,,,,,
,,,,,,,,,,,,,,,
,,,,,,,,,,,,,,,
,,,,,,,,,,,,,,,
,,,,,,,,,,,,,,,
,,,,,,,,,,,,,,,
,,,,,,,,,,,,,,,
,,,,,,,,,,,,,,,
,,,,,,,,,,,,,,,
,,,,,,,,,,,,,,,
,,,,,,,,,,,,,,,
,,,,,,,,,,,,,,,
,,,,,,,,,,,,,,,
,,,,,,,,,,,,,,,
,,,,,,,,,,,,,,,
,,,,,,,,,,,,,,,
,,,,,,,,,,,,,,,
,,,,,,,,,,,,,,,
,,,,,,,,,,,,,,,
,,,,,,,,,,,,,,,
,,,,,,,,,,,,,,,
,,,,,,,,,,,,,,,
,,,,,,,,,,,,,,,
,,,,,,,,,,,,,,,
,,,,,,,,,,,,,,,
,,,,,,,,,,,,,,,
,,,,,,,,,,,,,,,
,,,,,,,,,,,,,,,
,,,,,,,,,,,,,,,
,,,,,,,,,,,,,,,
,,,,,,,,,,,,,,,
,,,,,,,,,,,,,,,
,,,,,,,,,,,,,,,
,,,,,,,,,,,,,,,
,,,,,,,,,,,,,,,
,,,,,,,,,,,,,,,
,,,,,,,,,,,,,,,
,,,,,,,,,,,,,,,
,,,,,,,,,,,,,,,
,,,,,,,,,,,,,,,
,,,,,,,,,,,,,,,
,,,,,,,,,,,,,,,
,,,,,,,,,,,,,,,
,,,,,,,,,,,,,,,
,,,,,,,,,,,,,,,
,,,,,,,,,,,,,,,
,,,,,,,,,,,,,,,
,,,,,,,,,,,,,,,
,,,,,,,,,,,,,,,
,,,,,,,,,,,,,,,
,,,,,,,,,,,,,,,
,,,,,,,,,,,,,,,
,,,,,,,,,,,,,,,
,,,,,,,,,,,,,,,
,,,,,,,,,,,,,,,
,,,,,,,,,,,,,,,
,,,,,,,,,,,,,,,
,,,,,,,,,,,,,,,
,,,,,,,,,,,,,,,
,,,,,,,,,,,,,,,
,,,,,,,,,,,,,,,
,,,,,,,,,,,,,,,
,,,,,,,,,,,,,,,
,,,,,,,,,,,,,,,
,,,,,,,,,,,,,,,
,,,,,,,,,,,,,,,
,,,,,,,,,,,,,,,
,,,,,,,,,,,,,,,
,,,,,,,,,,,,,,,
,,,,,,,,,,,,,,,
,,,,,,,,,,,,,,,
,,,,,,,,,,,,,,,
,,,,,,,,,,,,,,,
,,,,,,,,,,,,,,,
,,,,,,,,,,,,,,,
,,,,,,,,,,,,,,,
,,,,,,,,,,,,,,,
,,,,,,,,,,,,,,,
,,,,,,,,,,,,,,,
,,,,,,,,,,,,,,,
,,,,,,,,,,,,,,,
,,,,,,,,,,,,,,,
,,,,,,,,,,,,,,,
,,,,,,,,,,,,,,,
,,,,,,,,,,,,,,,
,,,,,,,,,,,,,,,
,,,,,,,,,,,,,,,
,,,,,,,,,,,,,,,
,,,,,,,,,,,,,,,
,,,,,,,,,,,,,,,
,,,,,,,,,,,,,,,
,,,,,,,,,,,,,,,
,,,,,,,,,,,,,,,
,,,,,,,,,,,,,,,
,,,,,,,,,,,,,,,
,,,,,,,,,,,,,,,
,,,,,,,,,,,,,,,
,,,,,,,,,,,,,,,
,,,,,,,,,,,,,,,
,,,,,,,,,,,,,,,
,,,,,,,,,,,,,,,
,,,,,,,,,,,,,,,
,,,,,,,,,,,,,,,
,,,,,,,,,,,,,,,
,,,,,,,,,,,,,,,
,,,,,,,,,,,,,,,
,,,,,,,,,,,,,,,
,,,,,,,,,,,,,,,
,,,,,,,,,,,,,,,
,,,,,,,,,,,,,,,
,,,,,,,,,,,,,,,
,,,,,,,,,,,,,,,
,,,,,,,,,,,,,,,
,,,,,,,,,,,,,,,
,,,,,,,,,,,,,,,
,,,,,,,,,,,,,,,
,,,,,,,,,,,,,,,
,,,,,,,,,,,,,,,
,,,,,,,,,,,,,,,
,,,,,,,,,,,,,,,
,,,,,,,,,,,,,,,
,,,,,,,,,,,,,,,
,,,,,,,,,,,,,,,
,,,,,,,,,,,,,,,
,,,,,,,,,,,,,,,
,,,,,,,,,,,,,,,
,,,,,,,,,,,,,,,
,,,,,,,,,,,,,,,
,,,,,,,,,,,,,,,
,,,,,,,,,,,,,,,
,,,,,,,,,,,,,,,
,,,,,,,,,,,,,,,
,,,,,,,,,,,,,,,
,,,,,,,,,,,,,,,
,,,,,,,,,,,,,,,
,,,,,,,,,,,,,,,
,,,,,,,,,,,,,,,
,,,,,,,,,,,,,,,
,,,,,,,,,,,,,,,
,,,,,,,,,,,,,,,
,,,,,,,,,,,,,,,
,,,,,,,,,,,,,,,
,,,,,,,,,,,,,,,
,,,,,,,,,,,,,,,
,,,,,,,,,,,,,,,
,,,,,,,,,,,,,,,
,,,,,,,,,,,,,,,
,,,,,,,,,,,,,,,
,,,,,,,,,,,,,,,
,,,,,,,,,,,,,,,
,,,,,,,,,,,,,,,
,,,,,,,,,,,,,,,
,,,,,,,,,,,,,,,
,,,,,,,,,,,,,,,
,,,,,,,,,,,,,,,
,,,,,,,,,,,,,,,
,,,,,,,,,,,,,,,
,,,,,,,,,,,,,,,
,,,,,,,,,,,,,,,
,,,,,,,,,,,,,,,
,,,,,,,,,,,,,,,
,,,,,,,,,,,,,,,
,,,,,,,,,,,,,,,
,,,,,,,,,,,,,,,
,,,,,,,,,,,,,,,
,,,,,,,,,,,,,,,
,,,,,,,,,,,,,,,
,,,,,,,,,,,,,,,
,,,,,,,,,,,,,,,
,,,,,,,,,,,,,,,
,,,,,,,,,,,,,,,
,,,,,,,,,,,,,,,
,,,,,,,,,,,,,,,
,,,,,,,,,,,,,,,
,,,,,,,,,,,,,,,
,,,,,,,,,,,,,,,
,,,,,,,,,,,,,,,
,,,,,,,,,,,,,,,
,,,,,,,,,,,,,,,
,,,,,,,,,,,,,,,
,,,,,,,,,,,,,,,
,,,,,,,,,,,,,,,
,,,,,,,,,,,,,,,
,,,,,,,,,,,,,,,
,,,,,,,,,,,,,,,
,,,,,,,,,,,,,,,
,,,,,,,,,,,,,,,
,,,,,,,,,,,,,,,
,,,,,,,,,,,,,,,
,,,,,,,,,,,,,,,
,,,,,,,,,,,,,,,
,,,,,,,,,,,,,,,
,,,,,,,,,,,,,,,
,,,,,,,,,,,,,,,
,,,,,,,,,,,,,,,
,,,,,,,,,,,,,,,
,,,,,,,,,,,,,,,
,,,,,,,,,,,,,,,
,,,,,,,,,,,,,,,
,,,,,,,,,,,,,,,
,,,,,,,,,,,,,,,
,,,,,,,,,,,,,,,
,,,,,,,,,,,,,,,
,,,,,,,,,,,,,,,
,,,,,,,,,,,,,,,
,,,,,,,,,,,,,,,
,,,,,,,,,,,,,,,
,,,,,,,,,,,,,,,
,,,,,,,,,,,,,,,
,,,,,,,,,,,,,,,
,,,,,,,,,,,,,,,
,,,,,,,,,,,,,,,
,,,,,,,,,,,,,,,
,,,,,,,,,,,,,,,
,,,,,,,,,,,,,,,
,,,,,,,,,,,,,,,
,,,,,,,,,,,,,,,
,,,,,,,,,,,,,,,
,,,,,,,,,,,,,,,
,,,,,,,,,,,,,,,
,,,,,,,,,,,,,,,
,,,,,,,,,,,,,,,
,,,,,,,,,,,,,,,
,,,,,,,,,,,,,,,
,,,,,,,,,,,,,,,
,,,,,,,,,,,,,,,
,,,,,,,,,,,,,,,
,,,,,,,,,,,,,,,
,,,,,,,,,,,,,,,
,,,,,,,,,,,,,,,
,,,,,,,,,,,,,,,
,,,,,,,,,,,,,,,
,,,,,,,,,,,,,,,
,,,,,,,,,,,,,,,
,,,,,,,,,,,,,,,
,,,,,,,,,,,,,,,
,,,,,,,,,,,,,,,
,,,,,,,,,,,,,,,
,,,,,,,,,,,,,,,
,,,,,,,,,,,,,,,
,,,,,,,,,,,,,,,
,,,,,,,,,,,,,,,
,,,,,,,,,,,,,,,
,,,,,,,,,,,,,,,
,,,,,,,,,,,,,,,
,,,,,,,,,,,,,,,
,,,,,,,,,,,,,,,
,,,,,,,,,,,,,,,
,,,,,,,,,,,,,,,
,,,,,,,,,,,,,,,
,,,,,,,,,,,,,,,
,,,,,,,,,,,,,,,
,,,,,,,,,,,,,,,
,,,,,,,,,,,,,,,
,,,,,,,,,,,,,,,
,,,,,,,,,,,,,,,
,,,,,,,,,,,,,,,
,,,,,,,,,,,,,,,
,,,,,,,,,,,,,,,
,,,,,,,,,,,,,,,
,,,,,,,,,,,,,,,
,,,,,,,,,,,,,,,
,,,,,,,,,,,,,,,
,,,,,,,,,,,,,,,
,,,,,,,,,,,,,,,
,,,,,,,,,,,,,,,
,,,,,,,,,,,,,,,
,,,,,,,,,,,,,,,
,,,,,,,,,,,,,,,
,,,,,,,,,,,,,,,
,,,,,,,,,,,,,,,
,,,,,,,,,,,,,,,
,,,,,,,,,,,,,,,
,,,,,,,,,,,,,,,
,,,,,,,,,,,,,,,
,,,,,,,,,,,,,,,
,,,,,,,,,,,,,,,
,,,,,,,,,,,,,,,
,,,,,,,,,,,,,,,
,,,,,,,,,,,,,,,
,,,,,,,,,,,,,,,
,,,,,,,,,,,,,,,
,,,,,,,,,,,,,,,
,,,,,,,,,,,,,,,
,,,,,,,,,,,,,,,
,,,,,,,,,,,,,,,
,,,,,,,,,,,,,,,
,,,,,,,,,,,,,,,
,,,,,,,,,,,,,,,
